Date,DayNumber,Day,Month,ShortMonth,CalendarMonthNumber,CalendarMonthLabel,CalendarYear,CalendarYearLabel,FiscalMonthNumber,FiscalMonthLabel,FiscalYear,FiscalYearLabel,ISOWeekNumber
2024-01-01,1,1,January,Jan,1,CY2024-Jan,2024,CY2024,3,FY2025-Jan,2025,FY2025,1
2024-01-02,2,2,January,Jan,1,CY2024-Jan,2024,CY2024,3,FY2025-Jan,2025,FY2025,1
2024-01-03,3,3,January,Jan,1,CY2024-Jan,2024,CY2024,3,FY2025-Jan,2025,FY2025,1
2024-01-04,4,4,January,Jan,1,CY2024-Jan,2024,CY2024,3,FY2025-Jan,2025,FY2025,1
2024-01-05,5,5,January,Jan,1,CY2024-Jan,2024,CY2024,3,FY2025-Jan,2025,FY2025,1
2024-01-06,6,6,January,Jan,1,CY2024-Jan,2024,CY2024,3,FY2025-Jan,2025,FY2025,1
2024-01-07,7,7,January,Jan,1,CY2024-Jan,2024,CY2024,3,FY2025-Jan,2025,FY2025,1
2024-01-08,8,8,January,Jan,1,CY2024-Jan,2024,CY2024,3,FY2025-Jan,2025,FY2025,2
2024-01-09,9,9,January,Jan,1,CY2024-Jan,2024,CY2024,3,FY2025-Jan,2025,FY2025,2
2024-01-10,10,10,January,Jan,1,CY2024-Jan,2024,CY2024,3,FY2025-Jan,2025,FY2025,2
2024-01-11,11,11,January,Jan,1,CY2024-Jan,2024,CY2024,3,FY2025-Jan,2025,FY2025,2
2024-01-12,12,12,January,Jan,1,CY2024-Jan,2024,CY2024,3,FY2025-Jan,2025,FY2025,2
2024-01-13,13,13,January,Jan,1,CY2024-Jan,2024,CY2024,3,FY2025-Jan,2025,FY2025,2
2024-01-14,14,14,January,Jan,1,CY2024-Jan,2024,CY2024,3,FY2025-Jan,2025,FY2025,2
2024-01-15,15,15,January,Jan,1,CY2024-Jan,2024,CY2024,3,FY2025-Jan,2025,FY2025,3
2024-01-16,16,16,January,Jan,1,CY2024-Jan,2024,CY2024,3,FY2025-Jan,2025,FY2025,3
2024-01-17,17,17,January,Jan,1,CY2024-Jan,2024,CY2024,3,FY2025-Jan,2025,FY2025,3
2024-01-18,18,18,January,Jan,1,CY2024-Jan,2024,CY2024,3,FY2025-Jan,2025,FY2025,3
2024-01-19,19,19,January,Jan,1,CY2024-Jan,2024,CY2024,3,FY2025-Jan,2025,FY2025,3
2024-01-20,20,20,January,Jan,1,CY2024-Jan,2024,CY2024,3,FY2025-Jan,2025,FY2025,3
2024-01-21,21,21,January,Jan,1,CY2024-Jan,2024,CY2024,3,FY2025-Jan,2025,FY2025,3
2024-01-22,22,22,January,Jan,1,CY2024-Jan,2024,CY2024,3,FY2025-Jan,2025,FY2025,4
2024-01-23,23,23,January,Jan,1,CY2024-Jan,2024,CY2024,3,FY2025-Jan,2025,FY2025,4
2024-01-24,24,24,January,Jan,1,CY2024-Jan,2024,CY2024,3,FY2025-Jan,2025,FY2025,4
2024-01-25,25,25,January,Jan,1,CY2024-Jan,2024,CY2024,3,FY2025-Jan,2025,FY2025,4
2024-01-26,26,26,January,Jan,1,CY2024-Jan,2024,CY2024,3,FY2025-Jan,2025,FY2025,4
2024-01-27,27,27,January,Jan,1,CY2024-Jan,2024,CY2024,3,FY2025-Jan,2025,FY2025,4
2024-01-28,28,28,January,Jan,1,CY2024-Jan,2024,CY2024,3,FY2025-Jan,2025,FY2025,4
2024-01-29,29,29,January,Jan,1,CY2024-Jan,2024,CY2024,3,FY2025-Jan,2025,FY2025,5
2024-01-30,30,30,January,Jan,1,CY2024-Jan,2024,CY2024,3,FY2025-Jan,2025,FY2025,5
2024-01-31,31,31,January,Jan,1,CY2024-Jan,2024,CY2024,3,FY2025-Jan,2025,FY2025,5
2024-02-01,1,1,February,Feb,2,CY2024-Feb,2024,CY2024,4,FY2025-Feb,2025,FY2025,5
2024-02-02,2,2,February,Feb,2,CY2024-Feb,2024,CY2024,4,FY2025-Feb,2025,FY2025,5
2024-02-03,3,3,February,Feb,2,CY2024-Feb,2024,CY2024,4,FY2025-Feb,2025,FY2025,5
2024-02-04,4,4,February,Feb,2,CY2024-Feb,2024,CY2024,4,FY2025-Feb,2025,FY2025,5
2024-02-05,5,5,February,Feb,2,CY2024-Feb,2024,CY2024,4,FY2025-Feb,2025,FY2025,6
2024-02-06,6,6,February,Feb,2,CY2024-Feb,2024,CY2024,4,FY2025-Feb,2025,FY2025,6
2024-02-07,7,7,February,Feb,2,CY2024-Feb,2024,CY2024,4,FY2025-Feb,2025,FY2025,6
2024-02-08,8,8,February,Feb,2,CY2024-Feb,2024,CY2024,4,FY2025-Feb,2025,FY2025,6
2024-02-09,9,9,February,Feb,2,CY2024-Feb,2024,CY2024,4,FY2025-Feb,2025,FY2025,6
2024-02-10,10,10,February,Feb,2,CY2024-Feb,2024,CY2024,4,FY2025-Feb,2025,FY2025,6
2024-02-11,11,11,February,Feb,2,CY2024-Feb,2024,CY2024,4,FY2025-Feb,2025,FY2025,6
2024-02-12,12,12,February,Feb,2,CY2024-Feb,2024,CY2024,4,FY2025-Feb,2025,FY2025,7
2024-02-13,13,13,February,Feb,2,CY2024-Feb,2024,CY2024,4,FY2025-Feb,2025,FY2025,7
2024-02-14,14,14,February,Feb,2,CY2024-Feb,2024,CY2024,4,FY2025-Feb,2025,FY2025,7
2024-02-15,15,15,February,Feb,2,CY2024-Feb,2024,CY2024,4,FY2025-Feb,2025,FY2025,7
2024-02-16,16,16,February,Feb,2,CY2024-Feb,2024,CY2024,4,FY2025-Feb,2025,FY2025,7
2024-02-17,17,17,February,Feb,2,CY2024-Feb,2024,CY2024,4,FY2025-Feb,2025,FY2025,7
2024-02-18,18,18,February,Feb,2,CY2024-Feb,2024,CY2024,4,FY2025-Feb,2025,FY2025,7
2024-02-19,19,19,February,Feb,2,CY2024-Feb,2024,CY2024,4,FY2025-Feb,2025,FY2025,8
2024-02-20,20,20,February,Feb,2,CY2024-Feb,2024,CY2024,4,FY2025-Feb,2025,FY2025,8
2024-02-21,21,21,February,Feb,2,CY2024-Feb,2024,CY2024,4,FY2025-Feb,2025,FY2025,8
2024-02-22,22,22,February,Feb,2,CY2024-Feb,2024,CY2024,4,FY2025-Feb,2025,FY2025,8
2024-02-23,23,23,February,Feb,2,CY2024-Feb,2024,CY2024,4,FY2025-Feb,2025,FY2025,8
2024-02-24,24,24,February,Feb,2,CY2024-Feb,2024,CY2024,4,FY2025-Feb,2025,FY2025,8
2024-02-25,25,25,February,Feb,2,CY2024-Feb,2024,CY2024,4,FY2025-Feb,2025,FY2025,8
2024-02-26,26,26,February,Feb,2,CY2024-Feb,2024,CY2024,4,FY2025-Feb,2025,FY2025,9
2024-02-27,27,27,February,Feb,2,CY2024-Feb,2024,CY2024,4,FY2025-Feb,2025,FY2025,9
2024-02-28,28,28,February,Feb,2,CY2024-Feb,2024,CY2024,4,FY2025-Feb,2025,FY2025,9
2024-02-29,29,29,February,Feb,2,CY2024-Feb,2024,CY2024,4,FY2025-Feb,2025,FY2025,9
2024-03-01,1,1,March,Mar,3,CY2024-Mar,2024,CY2024,5,FY2025-Mar,2025,FY2025,9
2024-03-02,2,2,March,Mar,3,CY2024-Mar,2024,CY2024,5,FY2025-Mar,2025,FY2025,9
2024-03-03,3,3,March,Mar,3,CY2024-Mar,2024,CY2024,5,FY2025-Mar,2025,FY2025,9
2024-03-04,4,4,March,Mar,3,CY2024-Mar,2024,CY2024,5,FY2025-Mar,2025,FY2025,10
2024-03-05,5,5,March,Mar,3,CY2024-Mar,2024,CY2024,5,FY2025-Mar,2025,FY2025,10
2024-03-06,6,6,March,Mar,3,CY2024-Mar,2024,CY2024,5,FY2025-Mar,2025,FY2025,10
2024-03-07,7,7,March,Mar,3,CY2024-Mar,2024,CY2024,5,FY2025-Mar,2025,FY2025,10
2024-03-08,8,8,March,Mar,3,CY2024-Mar,2024,CY2024,5,FY2025-Mar,2025,FY2025,10
2024-03-09,9,9,March,Mar,3,CY2024-Mar,2024,CY2024,5,FY2025-Mar,2025,FY2025,10
2024-03-10,10,10,March,Mar,3,CY2024-Mar,2024,CY2024,5,FY2025-Mar,2025,FY2025,10
2024-03-11,11,11,March,Mar,3,CY2024-Mar,2024,CY2024,5,FY2025-Mar,2025,FY2025,11
2024-03-12,12,12,March,Mar,3,CY2024-Mar,2024,CY2024,5,FY2025-Mar,2025,FY2025,11
2024-03-13,13,13,March,Mar,3,CY2024-Mar,2024,CY2024,5,FY2025-Mar,2025,FY2025,11
2024-03-14,14,14,March,Mar,3,CY2024-Mar,2024,CY2024,5,FY2025-Mar,2025,FY2025,11
2024-03-15,15,15,March,Mar,3,CY2024-Mar,2024,CY2024,5,FY2025-Mar,2025,FY2025,11
2024-03-16,16,16,March,Mar,3,CY2024-Mar,2024,CY2024,5,FY2025-Mar,2025,FY2025,11
2024-03-17,17,17,March,Mar,3,CY2024-Mar,2024,CY2024,5,FY2025-Mar,2025,FY2025,11
2024-03-18,18,18,March,Mar,3,CY2024-Mar,2024,CY2024,5,FY2025-Mar,2025,FY2025,12
2024-03-19,19,19,March,Mar,3,CY2024-Mar,2024,CY2024,5,FY2025-Mar,2025,FY2025,12
2024-03-20,20,20,March,Mar,3,CY2024-Mar,2024,CY2024,5,FY2025-Mar,2025,FY2025,12
2024-03-21,21,21,March,Mar,3,CY2024-Mar,2024,CY2024,5,FY2025-Mar,2025,FY2025,12
2024-03-22,22,22,March,Mar,3,CY2024-Mar,2024,CY2024,5,FY2025-Mar,2025,FY2025,12
2024-03-23,23,23,March,Mar,3,CY2024-Mar,2024,CY2024,5,FY2025-Mar,2025,FY2025,12
2024-03-24,24,24,March,Mar,3,CY2024-Mar,2024,CY2024,5,FY2025-Mar,2025,FY2025,12
2024-03-25,25,25,March,Mar,3,CY2024-Mar,2024,CY2024,5,FY2025-Mar,2025,FY2025,13
2024-03-26,26,26,March,Mar,3,CY2024-Mar,2024,CY2024,5,FY2025-Mar,2025,FY2025,13
2024-03-27,27,27,March,Mar,3,CY2024-Mar,2024,CY2024,5,FY2025-Mar,2025,FY2025,13
2024-03-28,28,28,March,Mar,3,CY2024-Mar,2024,CY2024,5,FY2025-Mar,2025,FY2025,13
2024-03-29,29,29,March,Mar,3,CY2024-Mar,2024,CY2024,5,FY2025-Mar,2025,FY2025,13
2024-03-30,30,30,March,Mar,3,CY2024-Mar,2024,CY2024,5,FY2025-Mar,2025,FY2025,13
2024-03-31,31,31,March,Mar,3,CY2024-Mar,2024,CY2024,5,FY2025-Mar,2025,FY2025,13
2024-04-01,1,1,April,Apr,4,CY2024-Apr,2024,CY2024,6,FY2025-Apr,2025,FY2025,14
2024-04-02,2,2,April,Apr,4,CY2024-Apr,2024,CY2024,6,FY2025-Apr,2025,FY2025,14
2024-04-03,3,3,April,Apr,4,CY2024-Apr,2024,CY2024,6,FY2025-Apr,2025,FY2025,14
2024-04-04,4,4,April,Apr,4,CY2024-Apr,2024,CY2024,6,FY2025-Apr,2025,FY2025,14
2024-04-05,5,5,April,Apr,4,CY2024-Apr,2024,CY2024,6,FY2025-Apr,2025,FY2025,14
2024-04-06,6,6,April,Apr,4,CY2024-Apr,2024,CY2024,6,FY2025-Apr,2025,FY2025,14
2024-04-07,7,7,April,Apr,4,CY2024-Apr,2024,CY2024,6,FY2025-Apr,2025,FY2025,14
2024-04-08,8,8,April,Apr,4,CY2024-Apr,2024,CY2024,6,FY2025-Apr,2025,FY2025,15
2024-04-09,9,9,April,Apr,4,CY2024-Apr,2024,CY2024,6,FY2025-Apr,2025,FY2025,15
2024-04-10,10,10,April,Apr,4,CY2024-Apr,2024,CY2024,6,FY2025-Apr,2025,FY2025,15
2024-04-11,11,11,April,Apr,4,CY2024-Apr,2024,CY2024,6,FY2025-Apr,2025,FY2025,15
2024-04-12,12,12,April,Apr,4,CY2024-Apr,2024,CY2024,6,FY2025-Apr,2025,FY2025,15
2024-04-13,13,13,April,Apr,4,CY2024-Apr,2024,CY2024,6,FY2025-Apr,2025,FY2025,15
2024-04-14,14,14,April,Apr,4,CY2024-Apr,2024,CY2024,6,FY2025-Apr,2025,FY2025,15
2024-04-15,15,15,April,Apr,4,CY2024-Apr,2024,CY2024,6,FY2025-Apr,2025,FY2025,16
2024-04-16,16,16,April,Apr,4,CY2024-Apr,2024,CY2024,6,FY2025-Apr,2025,FY2025,16
2024-04-17,17,17,April,Apr,4,CY2024-Apr,2024,CY2024,6,FY2025-Apr,2025,FY2025,16
2024-04-18,18,18,April,Apr,4,CY2024-Apr,2024,CY2024,6,FY2025-Apr,2025,FY2025,16
2024-04-19,19,19,April,Apr,4,CY2024-Apr,2024,CY2024,6,FY2025-Apr,2025,FY2025,16
2024-04-20,20,20,April,Apr,4,CY2024-Apr,2024,CY2024,6,FY2025-Apr,2025,FY2025,16
2024-04-21,21,21,April,Apr,4,CY2024-Apr,2024,CY2024,6,FY2025-Apr,2025,FY2025,16
2024-04-22,22,22,April,Apr,4,CY2024-Apr,2024,CY2024,6,FY2025-Apr,2025,FY2025,17
2024-04-23,23,23,April,Apr,4,CY2024-Apr,2024,CY2024,6,FY2025-Apr,2025,FY2025,17
2024-04-24,24,24,April,Apr,4,CY2024-Apr,2024,CY2024,6,FY2025-Apr,2025,FY2025,17
2024-04-25,25,25,April,Apr,4,CY2024-Apr,2024,CY2024,6,FY2025-Apr,2025,FY2025,17
2024-04-26,26,26,April,Apr,4,CY2024-Apr,2024,CY2024,6,FY2025-Apr,2025,FY2025,17
2024-04-27,27,27,April,Apr,4,CY2024-Apr,2024,CY2024,6,FY2025-Apr,2025,FY2025,17
2024-04-28,28,28,April,Apr,4,CY2024-Apr,2024,CY2024,6,FY2025-Apr,2025,FY2025,17
2024-04-29,29,29,April,Apr,4,CY2024-Apr,2024,CY2024,6,FY2025-Apr,2025,FY2025,18
2024-04-30,30,30,April,Apr,4,CY2024-Apr,2024,CY2024,6,FY2025-Apr,2025,FY2025,18
2024-05-01,1,1,May,May,5,CY2024-May,2024,CY2024,7,FY2025-May,2025,FY2025,18
2024-05-02,2,2,May,May,5,CY2024-May,2024,CY2024,7,FY2025-May,2025,FY2025,18
2024-05-03,3,3,May,May,5,CY2024-May,2024,CY2024,7,FY2025-May,2025,FY2025,18
2024-05-04,4,4,May,May,5,CY2024-May,2024,CY2024,7,FY2025-May,2025,FY2025,18
2024-05-05,5,5,May,May,5,CY2024-May,2024,CY2024,7,FY2025-May,2025,FY2025,18
2024-05-06,6,6,May,May,5,CY2024-May,2024,CY2024,7,FY2025-May,2025,FY2025,19
2024-05-07,7,7,May,May,5,CY2024-May,2024,CY2024,7,FY2025-May,2025,FY2025,19
2024-05-08,8,8,May,May,5,CY2024-May,2024,CY2024,7,FY2025-May,2025,FY2025,19
2024-05-09,9,9,May,May,5,CY2024-May,2024,CY2024,7,FY2025-May,2025,FY2025,19
2024-05-10,10,10,May,May,5,CY2024-May,2024,CY2024,7,FY2025-May,2025,FY2025,19
2024-05-11,11,11,May,May,5,CY2024-May,2024,CY2024,7,FY2025-May,2025,FY2025,19
2024-05-12,12,12,May,May,5,CY2024-May,2024,CY2024,7,FY2025-May,2025,FY2025,19
2024-05-13,13,13,May,May,5,CY2024-May,2024,CY2024,7,FY2025-May,2025,FY2025,20
2024-05-14,14,14,May,May,5,CY2024-May,2024,CY2024,7,FY2025-May,2025,FY2025,20
2024-05-15,15,15,May,May,5,CY2024-May,2024,CY2024,7,FY2025-May,2025,FY2025,20
2024-05-16,16,16,May,May,5,CY2024-May,2024,CY2024,7,FY2025-May,2025,FY2025,20
2024-05-17,17,17,May,May,5,CY2024-May,2024,CY2024,7,FY2025-May,2025,FY2025,20
2024-05-18,18,18,May,May,5,CY2024-May,2024,CY2024,7,FY2025-May,2025,FY2025,20
2024-05-19,19,19,May,May,5,CY2024-May,2024,CY2024,7,FY2025-May,2025,FY2025,20
2024-05-20,20,20,May,May,5,CY2024-May,2024,CY2024,7,FY2025-May,2025,FY2025,21
2024-05-21,21,21,May,May,5,CY2024-May,2024,CY2024,7,FY2025-May,2025,FY2025,21
2024-05-22,22,22,May,May,5,CY2024-May,2024,CY2024,7,FY2025-May,2025,FY2025,21
2024-05-23,23,23,May,May,5,CY2024-May,2024,CY2024,7,FY2025-May,2025,FY2025,21
2024-05-24,24,24,May,May,5,CY2024-May,2024,CY2024,7,FY2025-May,2025,FY2025,21
2024-05-25,25,25,May,May,5,CY2024-May,2024,CY2024,7,FY2025-May,2025,FY2025,21
2024-05-26,26,26,May,May,5,CY2024-May,2024,CY2024,7,FY2025-May,2025,FY2025,21
2024-05-27,27,27,May,May,5,CY2024-May,2024,CY2024,7,FY2025-May,2025,FY2025,22
2024-05-28,28,28,May,May,5,CY2024-May,2024,CY2024,7,FY2025-May,2025,FY2025,22
2024-05-29,29,29,May,May,5,CY2024-May,2024,CY2024,7,FY2025-May,2025,FY2025,22
2024-05-30,30,30,May,May,5,CY2024-May,2024,CY2024,7,FY2025-May,2025,FY2025,22
2024-05-31,31,31,May,May,5,CY2024-May,2024,CY2024,7,FY2025-May,2025,FY2025,22
2024-06-01,1,1,June,Jun,6,CY2024-Jun,2024,CY2024,8,FY2025-Jun,2025,FY2025,22
2024-06-02,2,2,June,Jun,6,CY2024-Jun,2024,CY2024,8,FY2025-Jun,2025,FY2025,22
2024-06-03,3,3,June,Jun,6,CY2024-Jun,2024,CY2024,8,FY2025-Jun,2025,FY2025,23
2024-06-04,4,4,June,Jun,6,CY2024-Jun,2024,CY2024,8,FY2025-Jun,2025,FY2025,23
2024-06-05,5,5,June,Jun,6,CY2024-Jun,2024,CY2024,8,FY2025-Jun,2025,FY2025,23
2024-06-06,6,6,June,Jun,6,CY2024-Jun,2024,CY2024,8,FY2025-Jun,2025,FY2025,23
2024-06-07,7,7,June,Jun,6,CY2024-Jun,2024,CY2024,8,FY2025-Jun,2025,FY2025,23
2024-06-08,8,8,June,Jun,6,CY2024-Jun,2024,CY2024,8,FY2025-Jun,2025,FY2025,23
2024-06-09,9,9,June,Jun,6,CY2024-Jun,2024,CY2024,8,FY2025-Jun,2025,FY2025,23
2024-06-10,10,10,June,Jun,6,CY2024-Jun,2024,CY2024,8,FY2025-Jun,2025,FY2025,24
2024-06-11,11,11,June,Jun,6,CY2024-Jun,2024,CY2024,8,FY2025-Jun,2025,FY2025,24
2024-06-12,12,12,June,Jun,6,CY2024-Jun,2024,CY2024,8,FY2025-Jun,2025,FY2025,24
2024-06-13,13,13,June,Jun,6,CY2024-Jun,2024,CY2024,8,FY2025-Jun,2025,FY2025,24
2024-06-14,14,14,June,Jun,6,CY2024-Jun,2024,CY2024,8,FY2025-Jun,2025,FY2025,24
2024-06-15,15,15,June,Jun,6,CY2024-Jun,2024,CY2024,8,FY2025-Jun,2025,FY2025,24
2024-06-16,16,16,June,Jun,6,CY2024-Jun,2024,CY2024,8,FY2025-Jun,2025,FY2025,24
2024-06-17,17,17,June,Jun,6,CY2024-Jun,2024,CY2024,8,FY2025-Jun,2025,FY2025,25
2024-06-18,18,18,June,Jun,6,CY2024-Jun,2024,CY2024,8,FY2025-Jun,2025,FY2025,25
2024-06-19,19,19,June,Jun,6,CY2024-Jun,2024,CY2024,8,FY2025-Jun,2025,FY2025,25
2024-06-20,20,20,June,Jun,6,CY2024-Jun,2024,CY2024,8,FY2025-Jun,2025,FY2025,25
2024-06-21,21,21,June,Jun,6,CY2024-Jun,2024,CY2024,8,FY2025-Jun,2025,FY2025,25
2024-06-22,22,22,June,Jun,6,CY2024-Jun,2024,CY2024,8,FY2025-Jun,2025,FY2025,25
2024-06-23,23,23,June,Jun,6,CY2024-Jun,2024,CY2024,8,FY2025-Jun,2025,FY2025,25
2024-06-24,24,24,June,Jun,6,CY2024-Jun,2024,CY2024,8,FY2025-Jun,2025,FY2025,26
2024-06-25,25,25,June,Jun,6,CY2024-Jun,2024,CY2024,8,FY2025-Jun,2025,FY2025,26
2024-06-26,26,26,June,Jun,6,CY2024-Jun,2024,CY2024,8,FY2025-Jun,2025,FY2025,26
2024-06-27,27,27,June,Jun,6,CY2024-Jun,2024,CY2024,8,FY2025-Jun,2025,FY2025,26
2024-06-28,28,28,June,Jun,6,CY2024-Jun,2024,CY2024,8,FY2025-Jun,2025,FY2025,26
2024-06-29,29,29,June,Jun,6,CY2024-Jun,2024,CY2024,8,FY2025-Jun,2025,FY2025,26
2024-06-30,30,30,June,Jun,6,CY2024-Jun,2024,CY2024,8,FY2025-Jun,2025,FY2025,26
2024-07-01,1,1,July,Jul,7,CY2024-Jul,2024,CY2024,9,FY2025-Jul,2025,FY2025,27
2024-07-02,2,2,July,Jul,7,CY2024-Jul,2024,CY2024,9,FY2025-Jul,2025,FY2025,27
2024-07-03,3,3,July,Jul,7,CY2024-Jul,2024,CY2024,9,FY2025-Jul,2025,FY2025,27
2024-07-04,4,4,July,Jul,7,CY2024-Jul,2024,CY2024,9,FY2025-Jul,2025,FY2025,27
2024-07-05,5,5,July,Jul,7,CY2024-Jul,2024,CY2024,9,FY2025-Jul,2025,FY2025,27
2024-07-06,6,6,July,Jul,7,CY2024-Jul,2024,CY2024,9,FY2025-Jul,2025,FY2025,27
2024-07-07,7,7,July,Jul,7,CY2024-Jul,2024,CY2024,9,FY2025-Jul,2025,FY2025,27
2024-07-08,8,8,July,Jul,7,CY2024-Jul,2024,CY2024,9,FY2025-Jul,2025,FY2025,28
2024-07-09,9,9,July,Jul,7,CY2024-Jul,2024,CY2024,9,FY2025-Jul,2025,FY2025,28
2024-07-10,10,10,July,Jul,7,CY2024-Jul,2024,CY2024,9,FY2025-Jul,2025,FY2025,28
2024-07-11,11,11,July,Jul,7,CY2024-Jul,2024,CY2024,9,FY2025-Jul,2025,FY2025,28
2024-07-12,12,12,July,Jul,7,CY2024-Jul,2024,CY2024,9,FY2025-Jul,2025,FY2025,28
2024-07-13,13,13,July,Jul,7,CY2024-Jul,2024,CY2024,9,FY2025-Jul,2025,FY2025,28
2024-07-14,14,14,July,Jul,7,CY2024-Jul,2024,CY2024,9,FY2025-Jul,2025,FY2025,28
2024-07-15,15,15,July,Jul,7,CY2024-Jul,2024,CY2024,9,FY2025-Jul,2025,FY2025,29
2024-07-16,16,16,July,Jul,7,CY2024-Jul,2024,CY2024,9,FY2025-Jul,2025,FY2025,29
2024-07-17,17,17,July,Jul,7,CY2024-Jul,2024,CY2024,9,FY2025-Jul,2025,FY2025,29
2024-07-18,18,18,July,Jul,7,CY2024-Jul,2024,CY2024,9,FY2025-Jul,2025,FY2025,29
2024-07-19,19,19,July,Jul,7,CY2024-Jul,2024,CY2024,9,FY2025-Jul,2025,FY2025,29
2024-07-20,20,20,July,Jul,7,CY2024-Jul,2024,CY2024,9,FY2025-Jul,2025,FY2025,29
2024-07-21,21,21,July,Jul,7,CY2024-Jul,2024,CY2024,9,FY2025-Jul,2025,FY2025,29
2024-07-22,22,22,July,Jul,7,CY2024-Jul,2024,CY2024,9,FY2025-Jul,2025,FY2025,30
2024-07-23,23,23,July,Jul,7,CY2024-Jul,2024,CY2024,9,FY2025-Jul,2025,FY2025,30
2024-07-24,24,24,July,Jul,7,CY2024-Jul,2024,CY2024,9,FY2025-Jul,2025,FY2025,30
2024-07-25,25,25,July,Jul,7,CY2024-Jul,2024,CY2024,9,FY2025-Jul,2025,FY2025,30
2024-07-26,26,26,July,Jul,7,CY2024-Jul,2024,CY2024,9,FY2025-Jul,2025,FY2025,30
2024-07-27,27,27,July,Jul,7,CY2024-Jul,2024,CY2024,9,FY2025-Jul,2025,FY2025,30
2024-07-28,28,28,July,Jul,7,CY2024-Jul,2024,CY2024,9,FY2025-Jul,2025,FY2025,30
2024-07-29,29,29,July,Jul,7,CY2024-Jul,2024,CY2024,9,FY2025-Jul,2025,FY2025,31
2024-07-30,30,30,July,Jul,7,CY2024-Jul,2024,CY2024,9,FY2025-Jul,2025,FY2025,31
2024-07-31,31,31,July,Jul,7,CY2024-Jul,2024,CY2024,9,FY2025-Jul,2025,FY2025,31
2024-08-01,1,1,August,Aug,8,CY2024-Aug,2024,CY2024,10,FY2025-Aug,2025,FY2025,31
2024-08-02,2,2,August,Aug,8,CY2024-Aug,2024,CY2024,10,FY2025-Aug,2025,FY2025,31
2024-08-03,3,3,August,Aug,8,CY2024-Aug,2024,CY2024,10,FY2025-Aug,2025,FY2025,31
2024-08-04,4,4,August,Aug,8,CY2024-Aug,2024,CY2024,10,FY2025-Aug,2025,FY2025,31
2024-08-05,5,5,August,Aug,8,CY2024-Aug,2024,CY2024,10,FY2025-Aug,2025,FY2025,32
2024-08-06,6,6,August,Aug,8,CY2024-Aug,2024,CY2024,10,FY2025-Aug,2025,FY2025,32
2024-08-07,7,7,August,Aug,8,CY2024-Aug,2024,CY2024,10,FY2025-Aug,2025,FY2025,32
2024-08-08,8,8,August,Aug,8,CY2024-Aug,2024,CY2024,10,FY2025-Aug,2025,FY2025,32
2024-08-09,9,9,August,Aug,8,CY2024-Aug,2024,CY2024,10,FY2025-Aug,2025,FY2025,32
2024-08-10,10,10,August,Aug,8,CY2024-Aug,2024,CY2024,10,FY2025-Aug,2025,FY2025,32
2024-08-11,11,11,August,Aug,8,CY2024-Aug,2024,CY2024,10,FY2025-Aug,2025,FY2025,32
2024-08-12,12,12,August,Aug,8,CY2024-Aug,2024,CY2024,10,FY2025-Aug,2025,FY2025,33
2024-08-13,13,13,August,Aug,8,CY2024-Aug,2024,CY2024,10,FY2025-Aug,2025,FY2025,33
2024-08-14,14,14,August,Aug,8,CY2024-Aug,2024,CY2024,10,FY2025-Aug,2025,FY2025,33
2024-08-15,15,15,August,Aug,8,CY2024-Aug,2024,CY2024,10,FY2025-Aug,2025,FY2025,33
2024-08-16,16,16,August,Aug,8,CY2024-Aug,2024,CY2024,10,FY2025-Aug,2025,FY2025,33
2024-08-17,17,17,August,Aug,8,CY2024-Aug,2024,CY2024,10,FY2025-Aug,2025,FY2025,33
2024-08-18,18,18,August,Aug,8,CY2024-Aug,2024,CY2024,10,FY2025-Aug,2025,FY2025,33
2024-08-19,19,19,August,Aug,8,CY2024-Aug,2024,CY2024,10,FY2025-Aug,2025,FY2025,34
2024-08-20,20,20,August,Aug,8,CY2024-Aug,2024,CY2024,10,FY2025-Aug,2025,FY2025,34
2024-08-21,21,21,August,Aug,8,CY2024-Aug,2024,CY2024,10,FY2025-Aug,2025,FY2025,34
2024-08-22,22,22,August,Aug,8,CY2024-Aug,2024,CY2024,10,FY2025-Aug,2025,FY2025,34
2024-08-23,23,23,August,Aug,8,CY2024-Aug,2024,CY2024,10,FY2025-Aug,2025,FY2025,34
2024-08-24,24,24,August,Aug,8,CY2024-Aug,2024,CY2024,10,FY2025-Aug,2025,FY2025,34
2024-08-25,25,25,August,Aug,8,CY2024-Aug,2024,CY2024,10,FY2025-Aug,2025,FY2025,34
2024-08-26,26,26,August,Aug,8,CY2024-Aug,2024,CY2024,10,FY2025-Aug,2025,FY2025,35
2024-08-27,27,27,August,Aug,8,CY2024-Aug,2024,CY2024,10,FY2025-Aug,2025,FY2025,35
2024-08-28,28,28,August,Aug,8,CY2024-Aug,2024,CY2024,10,FY2025-Aug,2025,FY2025,35
2024-08-29,29,29,August,Aug,8,CY2024-Aug,2024,CY2024,10,FY2025-Aug,2025,FY2025,35
2024-08-30,30,30,August,Aug,8,CY2024-Aug,2024,CY2024,10,FY2025-Aug,2025,FY2025,35
2024-08-31,31,31,August,Aug,8,CY2024-Aug,2024,CY2024,10,FY2025-Aug,2025,FY2025,35
2024-09-01,1,1,September,Sep,9,CY2024-Sep,2024,CY2024,11,FY2025-Sep,2025,FY2025,35
2024-09-02,2,2,September,Sep,9,CY2024-Sep,2024,CY2024,11,FY2025-Sep,2025,FY2025,36
2024-09-03,3,3,September,Sep,9,CY2024-Sep,2024,CY2024,11,FY2025-Sep,2025,FY2025,36
2024-09-04,4,4,September,Sep,9,CY2024-Sep,2024,CY2024,11,FY2025-Sep,2025,FY2025,36
2024-09-05,5,5,September,Sep,9,CY2024-Sep,2024,CY2024,11,FY2025-Sep,2025,FY2025,36
2024-09-06,6,6,September,Sep,9,CY2024-Sep,2024,CY2024,11,FY2025-Sep,2025,FY2025,36
2024-09-07,7,7,September,Sep,9,CY2024-Sep,2024,CY2024,11,FY2025-Sep,2025,FY2025,36
2024-09-08,8,8,September,Sep,9,CY2024-Sep,2024,CY2024,11,FY2025-Sep,2025,FY2025,36
2024-09-09,9,9,September,Sep,9,CY2024-Sep,2024,CY2024,11,FY2025-Sep,2025,FY2025,37
2024-09-10,10,10,September,Sep,9,CY2024-Sep,2024,CY2024,11,FY2025-Sep,2025,FY2025,37
2024-09-11,11,11,September,Sep,9,CY2024-Sep,2024,CY2024,11,FY2025-Sep,2025,FY2025,37
2024-09-12,12,12,September,Sep,9,CY2024-Sep,2024,CY2024,11,FY2025-Sep,2025,FY2025,37
2024-09-13,13,13,September,Sep,9,CY2024-Sep,2024,CY2024,11,FY2025-Sep,2025,FY2025,37
2024-09-14,14,14,September,Sep,9,CY2024-Sep,2024,CY2024,11,FY2025-Sep,2025,FY2025,37
2024-09-15,15,15,September,Sep,9,CY2024-Sep,2024,CY2024,11,FY2025-Sep,2025,FY2025,37
2024-09-16,16,16,September,Sep,9,CY2024-Sep,2024,CY2024,11,FY2025-Sep,2025,FY2025,38
2024-09-17,17,17,September,Sep,9,CY2024-Sep,2024,CY2024,11,FY2025-Sep,2025,FY2025,38
2024-09-18,18,18,September,Sep,9,CY2024-Sep,2024,CY2024,11,FY2025-Sep,2025,FY2025,38
2024-09-19,19,19,September,Sep,9,CY2024-Sep,2024,CY2024,11,FY2025-Sep,2025,FY2025,38
2024-09-20,20,20,September,Sep,9,CY2024-Sep,2024,CY2024,11,FY2025-Sep,2025,FY2025,38
2024-09-21,21,21,September,Sep,9,CY2024-Sep,2024,CY2024,11,FY2025-Sep,2025,FY2025,38
2024-09-22,22,22,September,Sep,9,CY2024-Sep,2024,CY2024,11,FY2025-Sep,2025,FY2025,38
2024-09-23,23,23,September,Sep,9,CY2024-Sep,2024,CY2024,11,FY2025-Sep,2025,FY2025,39
2024-09-24,24,24,September,Sep,9,CY2024-Sep,2024,CY2024,11,FY2025-Sep,2025,FY2025,39
2024-09-25,25,25,September,Sep,9,CY2024-Sep,2024,CY2024,11,FY2025-Sep,2025,FY2025,39
2024-09-26,26,26,September,Sep,9,CY2024-Sep,2024,CY2024,11,FY2025-Sep,2025,FY2025,39
2024-09-27,27,27,September,Sep,9,CY2024-Sep,2024,CY2024,11,FY2025-Sep,2025,FY2025,39
2024-09-28,28,28,September,Sep,9,CY2024-Sep,2024,CY2024,11,FY2025-Sep,2025,FY2025,39
2024-09-29,29,29,September,Sep,9,CY2024-Sep,2024,CY2024,11,FY2025-Sep,2025,FY2025,39
2024-09-30,30,30,September,Sep,9,CY2024-Sep,2024,CY2024,11,FY2025-Sep,2025,FY2025,40
2024-10-01,1,1,October,Oct,10,CY2024-Oct,2024,CY2024,12,FY2025-Oct,2025,FY2025,40
2024-10-02,2,2,October,Oct,10,CY2024-Oct,2024,CY2024,12,FY2025-Oct,2025,FY2025,40
2024-10-03,3,3,October,Oct,10,CY2024-Oct,2024,CY2024,12,FY2025-Oct,2025,FY2025,40
2024-10-04,4,4,October,Oct,10,CY2024-Oct,2024,CY2024,12,FY2025-Oct,2025,FY2025,40
2024-10-05,5,5,October,Oct,10,CY2024-Oct,2024,CY2024,12,FY2025-Oct,2025,FY2025,40
2024-10-06,6,6,October,Oct,10,CY2024-Oct,2024,CY2024,12,FY2025-Oct,2025,FY2025,40
2024-10-07,7,7,October,Oct,10,CY2024-Oct,2024,CY2024,12,FY2025-Oct,2025,FY2025,41
2024-10-08,8,8,October,Oct,10,CY2024-Oct,2024,CY2024,12,FY2025-Oct,2025,FY2025,41
2024-10-09,9,9,October,Oct,10,CY2024-Oct,2024,CY2024,12,FY2025-Oct,2025,FY2025,41
2024-10-10,10,10,October,Oct,10,CY2024-Oct,2024,CY2024,12,FY2025-Oct,2025,FY2025,41
2024-10-11,11,11,October,Oct,10,CY2024-Oct,2024,CY2024,12,FY2025-Oct,2025,FY2025,41
2024-10-12,12,12,October,Oct,10,CY2024-Oct,2024,CY2024,12,FY2025-Oct,2025,FY2025,41
2024-10-13,13,13,October,Oct,10,CY2024-Oct,2024,CY2024,12,FY2025-Oct,2025,FY2025,41
2024-10-14,14,14,October,Oct,10,CY2024-Oct,2024,CY2024,12,FY2025-Oct,2025,FY2025,42
2024-10-15,15,15,October,Oct,10,CY2024-Oct,2024,CY2024,12,FY2025-Oct,2025,FY2025,42
2024-10-16,16,16,October,Oct,10,CY2024-Oct,2024,CY2024,12,FY2025-Oct,2025,FY2025,42
2024-10-17,17,17,October,Oct,10,CY2024-Oct,2024,CY2024,12,FY2025-Oct,2025,FY2025,42
2024-10-18,18,18,October,Oct,10,CY2024-Oct,2024,CY2024,12,FY2025-Oct,2025,FY2025,42
2024-10-19,19,19,October,Oct,10,CY2024-Oct,2024,CY2024,12,FY2025-Oct,2025,FY2025,42
2024-10-20,20,20,October,Oct,10,CY2024-Oct,2024,CY2024,12,FY2025-Oct,2025,FY2025,42
2024-10-21,21,21,October,Oct,10,CY2024-Oct,2024,CY2024,12,FY2025-Oct,2025,FY2025,43
2024-10-22,22,22,October,Oct,10,CY2024-Oct,2024,CY2024,12,FY2025-Oct,2025,FY2025,43
2024-10-23,23,23,October,Oct,10,CY2024-Oct,2024,CY2024,12,FY2025-Oct,2025,FY2025,43
2024-10-24,24,24,October,Oct,10,CY2024-Oct,2024,CY2024,12,FY2025-Oct,2025,FY2025,43
2024-10-25,25,25,October,Oct,10,CY2024-Oct,2024,CY2024,12,FY2025-Oct,2025,FY2025,43
2024-10-26,26,26,October,Oct,10,CY2024-Oct,2024,CY2024,12,FY2025-Oct,2025,FY2025,43
2024-10-27,27,27,October,Oct,10,CY2024-Oct,2024,CY2024,12,FY2025-Oct,2025,FY2025,43
2024-10-28,28,28,October,Oct,10,CY2024-Oct,2024,CY2024,12,FY2025-Oct,2025,FY2025,44
2024-10-29,29,29,October,Oct,10,CY2024-Oct,2024,CY2024,12,FY2025-Oct,2025,FY2025,44
2024-10-30,30,30,October,Oct,10,CY2024-Oct,2024,CY2024,12,FY2025-Oct,2025,FY2025,44
2024-10-31,31,31,October,Oct,10,CY2024-Oct,2024,CY2024,12,FY2025-Oct,2025,FY2025,44
2024-11-01,1,1,November,Nov,11,CY2024-Nov,2024,CY2024,1,FY2025-Nov,2025,FY2025,44
2024-11-02,2,2,November,Nov,11,CY2024-Nov,2024,CY2024,1,FY2025-Nov,2025,FY2025,44
2024-11-03,3,3,November,Nov,11,CY2024-Nov,2024,CY2024,1,FY2025-Nov,2025,FY2025,44
2024-11-04,4,4,November,Nov,11,CY2024-Nov,2024,CY2024,1,FY2025-Nov,2025,FY2025,45
2024-11-05,5,5,November,Nov,11,CY2024-Nov,2024,CY2024,1,FY2025-Nov,2025,FY2025,45
2024-11-06,6,6,November,Nov,11,CY2024-Nov,2024,CY2024,1,FY2025-Nov,2025,FY2025,45
2024-11-07,7,7,November,Nov,11,CY2024-Nov,2024,CY2024,1,FY2025-Nov,2025,FY2025,45
2024-11-08,8,8,November,Nov,11,CY2024-Nov,2024,CY2024,1,FY2025-Nov,2025,FY2025,45
2024-11-09,9,9,November,Nov,11,CY2024-Nov,2024,CY2024,1,FY2025-Nov,2025,FY2025,45
2024-11-10,10,10,November,Nov,11,CY2024-Nov,2024,CY2024,1,FY2025-Nov,2025,FY2025,45
2024-11-11,11,11,November,Nov,11,CY2024-Nov,2024,CY2024,1,FY2025-Nov,2025,FY2025,46
2024-11-12,12,12,November,Nov,11,CY2024-Nov,2024,CY2024,1,FY2025-Nov,2025,FY2025,46
2024-11-13,13,13,November,Nov,11,CY2024-Nov,2024,CY2024,1,FY2025-Nov,2025,FY2025,46
2024-11-14,14,14,November,Nov,11,CY2024-Nov,2024,CY2024,1,FY2025-Nov,2025,FY2025,46
2024-11-15,15,15,November,Nov,11,CY2024-Nov,2024,CY2024,1,FY2025-Nov,2025,FY2025,46
2024-11-16,16,16,November,Nov,11,CY2024-Nov,2024,CY2024,1,FY2025-Nov,2025,FY2025,46
2024-11-17,17,17,November,Nov,11,CY2024-Nov,2024,CY2024,1,FY2025-Nov,2025,FY2025,46
2024-11-18,18,18,November,Nov,11,CY2024-Nov,2024,CY2024,1,FY2025-Nov,2025,FY2025,47
2024-11-19,19,19,November,Nov,11,CY2024-Nov,2024,CY2024,1,FY2025-Nov,2025,FY2025,47
2024-11-20,20,20,November,Nov,11,CY2024-Nov,2024,CY2024,1,FY2025-Nov,2025,FY2025,47
2024-11-21,21,21,November,Nov,11,CY2024-Nov,2024,CY2024,1,FY2025-Nov,2025,FY2025,47
2024-11-22,22,22,November,Nov,11,CY2024-Nov,2024,CY2024,1,FY2025-Nov,2025,FY2025,47
2024-11-23,23,23,November,Nov,11,CY2024-Nov,2024,CY2024,1,FY2025-Nov,2025,FY2025,47
2024-11-24,24,24,November,Nov,11,CY2024-Nov,2024,CY2024,1,FY2025-Nov,2025,FY2025,47
2024-11-25,25,25,November,Nov,11,CY2024-Nov,2024,CY2024,1,FY2025-Nov,2025,FY2025,48
2024-11-26,26,26,November,Nov,11,CY2024-Nov,2024,CY2024,1,FY2025-Nov,2025,FY2025,48
2024-11-27,27,27,November,Nov,11,CY2024-Nov,2024,CY2024,1,FY2025-Nov,2025,FY2025,48
2024-11-28,28,28,November,Nov,11,CY2024-Nov,2024,CY2024,1,FY2025-Nov,2025,FY2025,48
2024-11-29,29,29,November,Nov,11,CY2024-Nov,2024,CY2024,1,FY2025-Nov,2025,FY2025,48
2024-11-30,30,30,November,Nov,11,CY2024-Nov,2024,CY2024,1,FY2025-Nov,2025,FY2025,48
2024-12-01,1,1,December,Dec,12,CY2024-Dec,2024,CY2024,2,FY2025-Dec,2025,FY2025,48
2024-12-02,2,2,December,Dec,12,CY2024-Dec,2024,CY2024,2,FY2025-Dec,2025,FY2025,49
2024-12-03,3,3,December,Dec,12,CY2024-Dec,2024,CY2024,2,FY2025-Dec,2025,FY2025,49
2024-12-04,4,4,December,Dec,12,CY2024-Dec,2024,CY2024,2,FY2025-Dec,2025,FY2025,49
2024-12-05,5,5,December,Dec,12,CY2024-Dec,2024,CY2024,2,FY2025-Dec,2025,FY2025,49
2024-12-06,6,6,December,Dec,12,CY2024-Dec,2024,CY2024,2,FY2025-Dec,2025,FY2025,49
2024-12-07,7,7,December,Dec,12,CY2024-Dec,2024,CY2024,2,FY2025-Dec,2025,FY2025,49
2024-12-08,8,8,December,Dec,12,CY2024-Dec,2024,CY2024,2,FY2025-Dec,2025,FY2025,49
2024-12-09,9,9,December,Dec,12,CY2024-Dec,2024,CY2024,2,FY2025-Dec,2025,FY2025,50
2024-12-10,10,10,December,Dec,12,CY2024-Dec,2024,CY2024,2,FY2025-Dec,2025,FY2025,50
2024-12-11,11,11,December,Dec,12,CY2024-Dec,2024,CY2024,2,FY2025-Dec,2025,FY2025,50
2024-12-12,12,12,December,Dec,12,CY2024-Dec,2024,CY2024,2,FY2025-Dec,2025,FY2025,50
2024-12-13,13,13,December,Dec,12,CY2024-Dec,2024,CY2024,2,FY2025-Dec,2025,FY2025,50
2024-12-14,14,14,December,Dec,12,CY2024-Dec,2024,CY2024,2,FY2025-Dec,2025,FY2025,50
2024-12-15,15,15,December,Dec,12,CY2024-Dec,2024,CY2024,2,FY2025-Dec,2025,FY2025,50
2024-12-16,16,16,December,Dec,12,CY2024-Dec,2024,CY2024,2,FY2025-Dec,2025,FY2025,51
2024-12-17,17,17,December,Dec,12,CY2024-Dec,2024,CY2024,2,FY2025-Dec,2025,FY2025,51
2024-12-18,18,18,December,Dec,12,CY2024-Dec,2024,CY2024,2,FY2025-Dec,2025,FY2025,51
2024-12-19,19,19,December,Dec,12,CY2024-Dec,2024,CY2024,2,FY2025-Dec,2025,FY2025,51
2024-12-20,20,20,December,Dec,12,CY2024-Dec,2024,CY2024,2,FY2025-Dec,2025,FY2025,51
2024-12-21,21,21,December,Dec,12,CY2024-Dec,2024,CY2024,2,FY2025-Dec,2025,FY2025,51
2024-12-22,22,22,December,Dec,12,CY2024-Dec,2024,CY2024,2,FY2025-Dec,2025,FY2025,51
2024-12-23,23,23,December,Dec,12,CY2024-Dec,2024,CY2024,2,FY2025-Dec,2025,FY2025,52
2024-12-24,24,24,December,Dec,12,CY2024-Dec,2024,CY2024,2,FY2025-Dec,2025,FY2025,52
2024-12-25,25,25,December,Dec,12,CY2024-Dec,2024,CY2024,2,FY2025-Dec,2025,FY2025,52
2024-12-26,26,26,December,Dec,12,CY2024-Dec,2024,CY2024,2,FY2025-Dec,2025,FY2025,52
2024-12-27,27,27,December,Dec,12,CY2024-Dec,2024,CY2024,2,FY2025-Dec,2025,FY2025,52
2024-12-28,28,28,December,Dec,12,CY2024-Dec,2024,CY2024,2,FY2025-Dec,2025,FY2025,52
2024-12-29,29,29,December,Dec,12,CY2024-Dec,2024,CY2024,2,FY2025-Dec,2025,FY2025,52
2024-12-30,30,30,December,Dec,12,CY2024-Dec,2024,CY2024,2,FY2025-Dec,2025,FY2025,1
2024-12-31,31,31,December,Dec,12,CY2024-Dec,2024,CY2024,2,FY2025-Dec,2025,FY2025,1
2025-01-01,1,1,January,Jan,1,CY2025-Jan,2025,CY2025,3,FY2026-Jan,2026,FY2026,1
2025-01-02,2,2,January,Jan,1,CY2025-Jan,2025,CY2025,3,FY2026-Jan,2026,FY2026,1
2025-01-03,3,3,January,Jan,1,CY2025-Jan,2025,CY2025,3,FY2026-Jan,2026,FY2026,1
2025-01-04,4,4,January,Jan,1,CY2025-Jan,2025,CY2025,3,FY2026-Jan,2026,FY2026,1
2025-01-05,5,5,January,Jan,1,CY2025-Jan,2025,CY2025,3,FY2026-Jan,2026,FY2026,1
2025-01-06,6,6,January,Jan,1,CY2025-Jan,2025,CY2025,3,FY2026-Jan,2026,FY2026,2
2025-01-07,7,7,January,Jan,1,CY2025-Jan,2025,CY2025,3,FY2026-Jan,2026,FY2026,2
2025-01-08,8,8,January,Jan,1,CY2025-Jan,2025,CY2025,3,FY2026-Jan,2026,FY2026,2
2025-01-09,9,9,January,Jan,1,CY2025-Jan,2025,CY2025,3,FY2026-Jan,2026,FY2026,2
2025-01-10,10,10,January,Jan,1,CY2025-Jan,2025,CY2025,3,FY2026-Jan,2026,FY2026,2
2025-01-11,11,11,January,Jan,1,CY2025-Jan,2025,CY2025,3,FY2026-Jan,2026,FY2026,2
2025-01-12,12,12,January,Jan,1,CY2025-Jan,2025,CY2025,3,FY2026-Jan,2026,FY2026,2
2025-01-13,13,13,January,Jan,1,CY2025-Jan,2025,CY2025,3,FY2026-Jan,2026,FY2026,3
2025-01-14,14,14,January,Jan,1,CY2025-Jan,2025,CY2025,3,FY2026-Jan,2026,FY2026,3
2025-01-15,15,15,January,Jan,1,CY2025-Jan,2025,CY2025,3,FY2026-Jan,2026,FY2026,3
2025-01-16,16,16,January,Jan,1,CY2025-Jan,2025,CY2025,3,FY2026-Jan,2026,FY2026,3
2025-01-17,17,17,January,Jan,1,CY2025-Jan,2025,CY2025,3,FY2026-Jan,2026,FY2026,3
2025-01-18,18,18,January,Jan,1,CY2025-Jan,2025,CY2025,3,FY2026-Jan,2026,FY2026,3
2025-01-19,19,19,January,Jan,1,CY2025-Jan,2025,CY2025,3,FY2026-Jan,2026,FY2026,3
2025-01-20,20,20,January,Jan,1,CY2025-Jan,2025,CY2025,3,FY2026-Jan,2026,FY2026,4
2025-01-21,21,21,January,Jan,1,CY2025-Jan,2025,CY2025,3,FY2026-Jan,2026,FY2026,4
2025-01-22,22,22,January,Jan,1,CY2025-Jan,2025,CY2025,3,FY2026-Jan,2026,FY2026,4
2025-01-23,23,23,January,Jan,1,CY2025-Jan,2025,CY2025,3,FY2026-Jan,2026,FY2026,4
2025-01-24,24,24,January,Jan,1,CY2025-Jan,2025,CY2025,3,FY2026-Jan,2026,FY2026,4
2025-01-25,25,25,January,Jan,1,CY2025-Jan,2025,CY2025,3,FY2026-Jan,2026,FY2026,4
2025-01-26,26,26,January,Jan,1,CY2025-Jan,2025,CY2025,3,FY2026-Jan,2026,FY2026,4
2025-01-27,27,27,January,Jan,1,CY2025-Jan,2025,CY2025,3,FY2026-Jan,2026,FY2026,5
2025-01-28,28,28,January,Jan,1,CY2025-Jan,2025,CY2025,3,FY2026-Jan,2026,FY2026,5
2025-01-29,29,29,January,Jan,1,CY2025-Jan,2025,CY2025,3,FY2026-Jan,2026,FY2026,5
2025-01-30,30,30,January,Jan,1,CY2025-Jan,2025,CY2025,3,FY2026-Jan,2026,FY2026,5
2025-01-31,31,31,January,Jan,1,CY2025-Jan,2025,CY2025,3,FY2026-Jan,2026,FY2026,5
2025-02-01,1,1,February,Feb,2,CY2025-Feb,2025,CY2025,4,FY2026-Feb,2026,FY2026,5
2025-02-02,2,2,February,Feb,2,CY2025-Feb,2025,CY2025,4,FY2026-Feb,2026,FY2026,5
2025-02-03,3,3,February,Feb,2,CY2025-Feb,2025,CY2025,4,FY2026-Feb,2026,FY2026,6
2025-02-04,4,4,February,Feb,2,CY2025-Feb,2025,CY2025,4,FY2026-Feb,2026,FY2026,6
2025-02-05,5,5,February,Feb,2,CY2025-Feb,2025,CY2025,4,FY2026-Feb,2026,FY2026,6
2025-02-06,6,6,February,Feb,2,CY2025-Feb,2025,CY2025,4,FY2026-Feb,2026,FY2026,6
2025-02-07,7,7,February,Feb,2,CY2025-Feb,2025,CY2025,4,FY2026-Feb,2026,FY2026,6
2025-02-08,8,8,February,Feb,2,CY2025-Feb,2025,CY2025,4,FY2026-Feb,2026,FY2026,6
2025-02-09,9,9,February,Feb,2,CY2025-Feb,2025,CY2025,4,FY2026-Feb,2026,FY2026,6
2025-02-10,10,10,February,Feb,2,CY2025-Feb,2025,CY2025,4,FY2026-Feb,2026,FY2026,7
2025-02-11,11,11,February,Feb,2,CY2025-Feb,2025,CY2025,4,FY2026-Feb,2026,FY2026,7
2025-02-12,12,12,February,Feb,2,CY2025-Feb,2025,CY2025,4,FY2026-Feb,2026,FY2026,7
2025-02-13,13,13,February,Feb,2,CY2025-Feb,2025,CY2025,4,FY2026-Feb,2026,FY2026,7
2025-02-14,14,14,February,Feb,2,CY2025-Feb,2025,CY2025,4,FY2026-Feb,2026,FY2026,7
2025-02-15,15,15,February,Feb,2,CY2025-Feb,2025,CY2025,4,FY2026-Feb,2026,FY2026,7
2025-02-16,16,16,February,Feb,2,CY2025-Feb,2025,CY2025,4,FY2026-Feb,2026,FY2026,7
2025-02-17,17,17,February,Feb,2,CY2025-Feb,2025,CY2025,4,FY2026-Feb,2026,FY2026,8
2025-02-18,18,18,February,Feb,2,CY2025-Feb,2025,CY2025,4,FY2026-Feb,2026,FY2026,8
2025-02-19,19,19,February,Feb,2,CY2025-Feb,2025,CY2025,4,FY2026-Feb,2026,FY2026,8
2025-02-20,20,20,February,Feb,2,CY2025-Feb,2025,CY2025,4,FY2026-Feb,2026,FY2026,8
2025-02-21,21,21,February,Feb,2,CY2025-Feb,2025,CY2025,4,FY2026-Feb,2026,FY2026,8
2025-02-22,22,22,February,Feb,2,CY2025-Feb,2025,CY2025,4,FY2026-Feb,2026,FY2026,8
2025-02-23,23,23,February,Feb,2,CY2025-Feb,2025,CY2025,4,FY2026-Feb,2026,FY2026,8
2025-02-24,24,24,February,Feb,2,CY2025-Feb,2025,CY2025,4,FY2026-Feb,2026,FY2026,9
2025-02-25,25,25,February,Feb,2,CY2025-Feb,2025,CY2025,4,FY2026-Feb,2026,FY2026,9
2025-02-26,26,26,February,Feb,2,CY2025-Feb,2025,CY2025,4,FY2026-Feb,2026,FY2026,9
2025-02-27,27,27,February,Feb,2,CY2025-Feb,2025,CY2025,4,FY2026-Feb,2026,FY2026,9
2025-02-28,28,28,February,Feb,2,CY2025-Feb,2025,CY2025,4,FY2026-Feb,2026,FY2026,9
2025-03-01,1,1,March,Mar,3,CY2025-Mar,2025,CY2025,5,FY2026-Mar,2026,FY2026,9
2025-03-02,2,2,March,Mar,3,CY2025-Mar,2025,CY2025,5,FY2026-Mar,2026,FY2026,9
2025-03-03,3,3,March,Mar,3,CY2025-Mar,2025,CY2025,5,FY2026-Mar,2026,FY2026,10
2025-03-04,4,4,March,Mar,3,CY2025-Mar,2025,CY2025,5,FY2026-Mar,2026,FY2026,10
2025-03-05,5,5,March,Mar,3,CY2025-Mar,2025,CY2025,5,FY2026-Mar,2026,FY2026,10
2025-03-06,6,6,March,Mar,3,CY2025-Mar,2025,CY2025,5,FY2026-Mar,2026,FY2026,10
2025-03-07,7,7,March,Mar,3,CY2025-Mar,2025,CY2025,5,FY2026-Mar,2026,FY2026,10
2025-03-08,8,8,March,Mar,3,CY2025-Mar,2025,CY2025,5,FY2026-Mar,2026,FY2026,10
2025-03-09,9,9,March,Mar,3,CY2025-Mar,2025,CY2025,5,FY2026-Mar,2026,FY2026,10
2025-03-10,10,10,March,Mar,3,CY2025-Mar,2025,CY2025,5,FY2026-Mar,2026,FY2026,11
2025-03-11,11,11,March,Mar,3,CY2025-Mar,2025,CY2025,5,FY2026-Mar,2026,FY2026,11
2025-03-12,12,12,March,Mar,3,CY2025-Mar,2025,CY2025,5,FY2026-Mar,2026,FY2026,11
2025-03-13,13,13,March,Mar,3,CY2025-Mar,2025,CY2025,5,FY2026-Mar,2026,FY2026,11
2025-03-14,14,14,March,Mar,3,CY2025-Mar,2025,CY2025,5,FY2026-Mar,2026,FY2026,11
2025-03-15,15,15,March,Mar,3,CY2025-Mar,2025,CY2025,5,FY2026-Mar,2026,FY2026,11
2025-03-16,16,16,March,Mar,3,CY2025-Mar,2025,CY2025,5,FY2026-Mar,2026,FY2026,11
2025-03-17,17,17,March,Mar,3,CY2025-Mar,2025,CY2025,5,FY2026-Mar,2026,FY2026,12
2025-03-18,18,18,March,Mar,3,CY2025-Mar,2025,CY2025,5,FY2026-Mar,2026,FY2026,12
2025-03-19,19,19,March,Mar,3,CY2025-Mar,2025,CY2025,5,FY2026-Mar,2026,FY2026,12
2025-03-20,20,20,March,Mar,3,CY2025-Mar,2025,CY2025,5,FY2026-Mar,2026,FY2026,12
2025-03-21,21,21,March,Mar,3,CY2025-Mar,2025,CY2025,5,FY2026-Mar,2026,FY2026,12
2025-03-22,22,22,March,Mar,3,CY2025-Mar,2025,CY2025,5,FY2026-Mar,2026,FY2026,12
2025-03-23,23,23,March,Mar,3,CY2025-Mar,2025,CY2025,5,FY2026-Mar,2026,FY2026,12
2025-03-24,24,24,March,Mar,3,CY2025-Mar,2025,CY2025,5,FY2026-Mar,2026,FY2026,13
2025-03-25,25,25,March,Mar,3,CY2025-Mar,2025,CY2025,5,FY2026-Mar,2026,FY2026,13
2025-03-26,26,26,March,Mar,3,CY2025-Mar,2025,CY2025,5,FY2026-Mar,2026,FY2026,13
2025-03-27,27,27,March,Mar,3,CY2025-Mar,2025,CY2025,5,FY2026-Mar,2026,FY2026,13
2025-03-28,28,28,March,Mar,3,CY2025-Mar,2025,CY2025,5,FY2026-Mar,2026,FY2026,13
2025-03-29,29,29,March,Mar,3,CY2025-Mar,2025,CY2025,5,FY2026-Mar,2026,FY2026,13
2025-03-30,30,30,March,Mar,3,CY2025-Mar,2025,CY2025,5,FY2026-Mar,2026,FY2026,13
2025-03-31,31,31,March,Mar,3,CY2025-Mar,2025,CY2025,5,FY2026-Mar,2026,FY2026,14
2025-04-01,1,1,April,Apr,4,CY2025-Apr,2025,CY2025,6,FY2026-Apr,2026,FY2026,14
2025-04-02,2,2,April,Apr,4,CY2025-Apr,2025,CY2025,6,FY2026-Apr,2026,FY2026,14
2025-04-03,3,3,April,Apr,4,CY2025-Apr,2025,CY2025,6,FY2026-Apr,2026,FY2026,14
2025-04-04,4,4,April,Apr,4,CY2025-Apr,2025,CY2025,6,FY2026-Apr,2026,FY2026,14
2025-04-05,5,5,April,Apr,4,CY2025-Apr,2025,CY2025,6,FY2026-Apr,2026,FY2026,14
2025-04-06,6,6,April,Apr,4,CY2025-Apr,2025,CY2025,6,FY2026-Apr,2026,FY2026,14
2025-04-07,7,7,April,Apr,4,CY2025-Apr,2025,CY2025,6,FY2026-Apr,2026,FY2026,15
2025-04-08,8,8,April,Apr,4,CY2025-Apr,2025,CY2025,6,FY2026-Apr,2026,FY2026,15
2025-04-09,9,9,April,Apr,4,CY2025-Apr,2025,CY2025,6,FY2026-Apr,2026,FY2026,15
2025-04-10,10,10,April,Apr,4,CY2025-Apr,2025,CY2025,6,FY2026-Apr,2026,FY2026,15
2025-04-11,11,11,April,Apr,4,CY2025-Apr,2025,CY2025,6,FY2026-Apr,2026,FY2026,15
2025-04-12,12,12,April,Apr,4,CY2025-Apr,2025,CY2025,6,FY2026-Apr,2026,FY2026,15
2025-04-13,13,13,April,Apr,4,CY2025-Apr,2025,CY2025,6,FY2026-Apr,2026,FY2026,15
2025-04-14,14,14,April,Apr,4,CY2025-Apr,2025,CY2025,6,FY2026-Apr,2026,FY2026,16
2025-04-15,15,15,April,Apr,4,CY2025-Apr,2025,CY2025,6,FY2026-Apr,2026,FY2026,16
2025-04-16,16,16,April,Apr,4,CY2025-Apr,2025,CY2025,6,FY2026-Apr,2026,FY2026,16
2025-04-17,17,17,April,Apr,4,CY2025-Apr,2025,CY2025,6,FY2026-Apr,2026,FY2026,16
2025-04-18,18,18,April,Apr,4,CY2025-Apr,2025,CY2025,6,FY2026-Apr,2026,FY2026,16
2025-04-19,19,19,April,Apr,4,CY2025-Apr,2025,CY2025,6,FY2026-Apr,2026,FY2026,16
2025-04-20,20,20,April,Apr,4,CY2025-Apr,2025,CY2025,6,FY2026-Apr,2026,FY2026,16
2025-04-21,21,21,April,Apr,4,CY2025-Apr,2025,CY2025,6,FY2026-Apr,2026,FY2026,17
2025-04-22,22,22,April,Apr,4,CY2025-Apr,2025,CY2025,6,FY2026-Apr,2026,FY2026,17
2025-04-23,23,23,April,Apr,4,CY2025-Apr,2025,CY2025,6,FY2026-Apr,2026,FY2026,17
2025-04-24,24,24,April,Apr,4,CY2025-Apr,2025,CY2025,6,FY2026-Apr,2026,FY2026,17
2025-04-25,25,25,April,Apr,4,CY2025-Apr,2025,CY2025,6,FY2026-Apr,2026,FY2026,17
2025-04-26,26,26,April,Apr,4,CY2025-Apr,2025,CY2025,6,FY2026-Apr,2026,FY2026,17
2025-04-27,27,27,April,Apr,4,CY2025-Apr,2025,CY2025,6,FY2026-Apr,2026,FY2026,17
2025-04-28,28,28,April,Apr,4,CY2025-Apr,2025,CY2025,6,FY2026-Apr,2026,FY2026,18
2025-04-29,29,29,April,Apr,4,CY2025-Apr,2025,CY2025,6,FY2026-Apr,2026,FY2026,18
2025-04-30,30,30,April,Apr,4,CY2025-Apr,2025,CY2025,6,FY2026-Apr,2026,FY2026,18
2025-05-01,1,1,May,May,5,CY2025-May,2025,CY2025,7,FY2026-May,2026,FY2026,18
2025-05-02,2,2,May,May,5,CY2025-May,2025,CY2025,7,FY2026-May,2026,FY2026,18
2025-05-03,3,3,May,May,5,CY2025-May,2025,CY2025,7,FY2026-May,2026,FY2026,18
2025-05-04,4,4,May,May,5,CY2025-May,2025,CY2025,7,FY2026-May,2026,FY2026,18
2025-05-05,5,5,May,May,5,CY2025-May,2025,CY2025,7,FY2026-May,2026,FY2026,19
2025-05-06,6,6,May,May,5,CY2025-May,2025,CY2025,7,FY2026-May,2026,FY2026,19
2025-05-07,7,7,May,May,5,CY2025-May,2025,CY2025,7,FY2026-May,2026,FY2026,19
2025-05-08,8,8,May,May,5,CY2025-May,2025,CY2025,7,FY2026-May,2026,FY2026,19
2025-05-09,9,9,May,May,5,CY2025-May,2025,CY2025,7,FY2026-May,2026,FY2026,19
2025-05-10,10,10,May,May,5,CY2025-May,2025,CY2025,7,FY2026-May,2026,FY2026,19
2025-05-11,11,11,May,May,5,CY2025-May,2025,CY2025,7,FY2026-May,2026,FY2026,19
2025-05-12,12,12,May,May,5,CY2025-May,2025,CY2025,7,FY2026-May,2026,FY2026,20
2025-05-13,13,13,May,May,5,CY2025-May,2025,CY2025,7,FY2026-May,2026,FY2026,20
2025-05-14,14,14,May,May,5,CY2025-May,2025,CY2025,7,FY2026-May,2026,FY2026,20
2025-05-15,15,15,May,May,5,CY2025-May,2025,CY2025,7,FY2026-May,2026,FY2026,20
2025-05-16,16,16,May,May,5,CY2025-May,2025,CY2025,7,FY2026-May,2026,FY2026,20
2025-05-17,17,17,May,May,5,CY2025-May,2025,CY2025,7,FY2026-May,2026,FY2026,20
2025-05-18,18,18,May,May,5,CY2025-May,2025,CY2025,7,FY2026-May,2026,FY2026,20
2025-05-19,19,19,May,May,5,CY2025-May,2025,CY2025,7,FY2026-May,2026,FY2026,21
2025-05-20,20,20,May,May,5,CY2025-May,2025,CY2025,7,FY2026-May,2026,FY2026,21
2025-05-21,21,21,May,May,5,CY2025-May,2025,CY2025,7,FY2026-May,2026,FY2026,21
2025-05-22,22,22,May,May,5,CY2025-May,2025,CY2025,7,FY2026-May,2026,FY2026,21
2025-05-23,23,23,May,May,5,CY2025-May,2025,CY2025,7,FY2026-May,2026,FY2026,21
2025-05-24,24,24,May,May,5,CY2025-May,2025,CY2025,7,FY2026-May,2026,FY2026,21
2025-05-25,25,25,May,May,5,CY2025-May,2025,CY2025,7,FY2026-May,2026,FY2026,21
2025-05-26,26,26,May,May,5,CY2025-May,2025,CY2025,7,FY2026-May,2026,FY2026,22
2025-05-27,27,27,May,May,5,CY2025-May,2025,CY2025,7,FY2026-May,2026,FY2026,22
2025-05-28,28,28,May,May,5,CY2025-May,2025,CY2025,7,FY2026-May,2026,FY2026,22
2025-05-29,29,29,May,May,5,CY2025-May,2025,CY2025,7,FY2026-May,2026,FY2026,22
2025-05-30,30,30,May,May,5,CY2025-May,2025,CY2025,7,FY2026-May,2026,FY2026,22
2025-05-31,31,31,May,May,5,CY2025-May,2025,CY2025,7,FY2026-May,2026,FY2026,22
2025-06-01,1,1,June,Jun,6,CY2025-Jun,2025,CY2025,8,FY2026-Jun,2026,FY2026,22
2025-06-02,2,2,June,Jun,6,CY2025-Jun,2025,CY2025,8,FY2026-Jun,2026,FY2026,23
2025-06-03,3,3,June,Jun,6,CY2025-Jun,2025,CY2025,8,FY2026-Jun,2026,FY2026,23
2025-06-04,4,4,June,Jun,6,CY2025-Jun,2025,CY2025,8,FY2026-Jun,2026,FY2026,23
2025-06-05,5,5,June,Jun,6,CY2025-Jun,2025,CY2025,8,FY2026-Jun,2026,FY2026,23
2025-06-06,6,6,June,Jun,6,CY2025-Jun,2025,CY2025,8,FY2026-Jun,2026,FY2026,23
2025-06-07,7,7,June,Jun,6,CY2025-Jun,2025,CY2025,8,FY2026-Jun,2026,FY2026,23
2025-06-08,8,8,June,Jun,6,CY2025-Jun,2025,CY2025,8,FY2026-Jun,2026,FY2026,23
2025-06-09,9,9,June,Jun,6,CY2025-Jun,2025,CY2025,8,FY2026-Jun,2026,FY2026,24
2025-06-10,10,10,June,Jun,6,CY2025-Jun,2025,CY2025,8,FY2026-Jun,2026,FY2026,24
2025-06-11,11,11,June,Jun,6,CY2025-Jun,2025,CY2025,8,FY2026-Jun,2026,FY2026,24
2025-06-12,12,12,June,Jun,6,CY2025-Jun,2025,CY2025,8,FY2026-Jun,2026,FY2026,24
2025-06-13,13,13,June,Jun,6,CY2025-Jun,2025,CY2025,8,FY2026-Jun,2026,FY2026,24
2025-06-14,14,14,June,Jun,6,CY2025-Jun,2025,CY2025,8,FY2026-Jun,2026,FY2026,24
2025-06-15,15,15,June,Jun,6,CY2025-Jun,2025,CY2025,8,FY2026-Jun,2026,FY2026,24
2025-06-16,16,16,June,Jun,6,CY2025-Jun,2025,CY2025,8,FY2026-Jun,2026,FY2026,25
2025-06-17,17,17,June,Jun,6,CY2025-Jun,2025,CY2025,8,FY2026-Jun,2026,FY2026,25
2025-06-18,18,18,June,Jun,6,CY2025-Jun,2025,CY2025,8,FY2026-Jun,2026,FY2026,25
2025-06-19,19,19,June,Jun,6,CY2025-Jun,2025,CY2025,8,FY2026-Jun,2026,FY2026,25
2025-06-20,20,20,June,Jun,6,CY2025-Jun,2025,CY2025,8,FY2026-Jun,2026,FY2026,25
2025-06-21,21,21,June,Jun,6,CY2025-Jun,2025,CY2025,8,FY2026-Jun,2026,FY2026,25
2025-06-22,22,22,June,Jun,6,CY2025-Jun,2025,CY2025,8,FY2026-Jun,2026,FY2026,25
2025-06-23,23,23,June,Jun,6,CY2025-Jun,2025,CY2025,8,FY2026-Jun,2026,FY2026,26
2025-06-24,24,24,June,Jun,6,CY2025-Jun,2025,CY2025,8,FY2026-Jun,2026,FY2026,26
2025-06-25,25,25,June,Jun,6,CY2025-Jun,2025,CY2025,8,FY2026-Jun,2026,FY2026,26
2025-06-26,26,26,June,Jun,6,CY2025-Jun,2025,CY2025,8,FY2026-Jun,2026,FY2026,26
2025-06-27,27,27,June,Jun,6,CY2025-Jun,2025,CY2025,8,FY2026-Jun,2026,FY2026,26
2025-06-28,28,28,June,Jun,6,CY2025-Jun,2025,CY2025,8,FY2026-Jun,2026,FY2026,26
2025-06-29,29,29,June,Jun,6,CY2025-Jun,2025,CY2025,8,FY2026-Jun,2026,FY2026,26
2025-06-30,30,30,June,Jun,6,CY2025-Jun,2025,CY2025,8,FY2026-Jun,2026,FY2026,27
2025-07-01,1,1,July,Jul,7,CY2025-Jul,2025,CY2025,9,FY2026-Jul,2026,FY2026,27
2025-07-02,2,2,July,Jul,7,CY2025-Jul,2025,CY2025,9,FY2026-Jul,2026,FY2026,27
2025-07-03,3,3,July,Jul,7,CY2025-Jul,2025,CY2025,9,FY2026-Jul,2026,FY2026,27
2025-07-04,4,4,July,Jul,7,CY2025-Jul,2025,CY2025,9,FY2026-Jul,2026,FY2026,27
2025-07-05,5,5,July,Jul,7,CY2025-Jul,2025,CY2025,9,FY2026-Jul,2026,FY2026,27
2025-07-06,6,6,July,Jul,7,CY2025-Jul,2025,CY2025,9,FY2026-Jul,2026,FY2026,27
2025-07-07,7,7,July,Jul,7,CY2025-Jul,2025,CY2025,9,FY2026-Jul,2026,FY2026,28
2025-07-08,8,8,July,Jul,7,CY2025-Jul,2025,CY2025,9,FY2026-Jul,2026,FY2026,28
2025-07-09,9,9,July,Jul,7,CY2025-Jul,2025,CY2025,9,FY2026-Jul,2026,FY2026,28
2025-07-10,10,10,July,Jul,7,CY2025-Jul,2025,CY2025,9,FY2026-Jul,2026,FY2026,28
2025-07-11,11,11,July,Jul,7,CY2025-Jul,2025,CY2025,9,FY2026-Jul,2026,FY2026,28
2025-07-12,12,12,July,Jul,7,CY2025-Jul,2025,CY2025,9,FY2026-Jul,2026,FY2026,28
2025-07-13,13,13,July,Jul,7,CY2025-Jul,2025,CY2025,9,FY2026-Jul,2026,FY2026,28
2025-07-14,14,14,July,Jul,7,CY2025-Jul,2025,CY2025,9,FY2026-Jul,2026,FY2026,29
2025-07-15,15,15,July,Jul,7,CY2025-Jul,2025,CY2025,9,FY2026-Jul,2026,FY2026,29
2025-07-16,16,16,July,Jul,7,CY2025-Jul,2025,CY2025,9,FY2026-Jul,2026,FY2026,29
2025-07-17,17,17,July,Jul,7,CY2025-Jul,2025,CY2025,9,FY2026-Jul,2026,FY2026,29
2025-07-18,18,18,July,Jul,7,CY2025-Jul,2025,CY2025,9,FY2026-Jul,2026,FY2026,29
2025-07-19,19,19,July,Jul,7,CY2025-Jul,2025,CY2025,9,FY2026-Jul,2026,FY2026,29
2025-07-20,20,20,July,Jul,7,CY2025-Jul,2025,CY2025,9,FY2026-Jul,2026,FY2026,29
2025-07-21,21,21,July,Jul,7,CY2025-Jul,2025,CY2025,9,FY2026-Jul,2026,FY2026,30
2025-07-22,22,22,July,Jul,7,CY2025-Jul,2025,CY2025,9,FY2026-Jul,2026,FY2026,30
2025-07-23,23,23,July,Jul,7,CY2025-Jul,2025,CY2025,9,FY2026-Jul,2026,FY2026,30
2025-07-24,24,24,July,Jul,7,CY2025-Jul,2025,CY2025,9,FY2026-Jul,2026,FY2026,30
2025-07-25,25,25,July,Jul,7,CY2025-Jul,2025,CY2025,9,FY2026-Jul,2026,FY2026,30
2025-07-26,26,26,July,Jul,7,CY2025-Jul,2025,CY2025,9,FY2026-Jul,2026,FY2026,30
2025-07-27,27,27,July,Jul,7,CY2025-Jul,2025,CY2025,9,FY2026-Jul,2026,FY2026,30
2025-07-28,28,28,July,Jul,7,CY2025-Jul,2025,CY2025,9,FY2026-Jul,2026,FY2026,31
2025-07-29,29,29,July,Jul,7,CY2025-Jul,2025,CY2025,9,FY2026-Jul,2026,FY2026,31
2025-07-30,30,30,July,Jul,7,CY2025-Jul,2025,CY2025,9,FY2026-Jul,2026,FY2026,31
2025-07-31,31,31,July,Jul,7,CY2025-Jul,2025,CY2025,9,FY2026-Jul,2026,FY2026,31
2025-08-01,1,1,August,Aug,8,CY2025-Aug,2025,CY2025,10,FY2026-Aug,2026,FY2026,31
2025-08-02,2,2,August,Aug,8,CY2025-Aug,2025,CY2025,10,FY2026-Aug,2026,FY2026,31
2025-08-03,3,3,August,Aug,8,CY2025-Aug,2025,CY2025,10,FY2026-Aug,2026,FY2026,31
2025-08-04,4,4,August,Aug,8,CY2025-Aug,2025,CY2025,10,FY2026-Aug,2026,FY2026,32
2025-08-05,5,5,August,Aug,8,CY2025-Aug,2025,CY2025,10,FY2026-Aug,2026,FY2026,32
2025-08-06,6,6,August,Aug,8,CY2025-Aug,2025,CY2025,10,FY2026-Aug,2026,FY2026,32
2025-08-07,7,7,August,Aug,8,CY2025-Aug,2025,CY2025,10,FY2026-Aug,2026,FY2026,32
2025-08-08,8,8,August,Aug,8,CY2025-Aug,2025,CY2025,10,FY2026-Aug,2026,FY2026,32
2025-08-09,9,9,August,Aug,8,CY2025-Aug,2025,CY2025,10,FY2026-Aug,2026,FY2026,32
2025-08-10,10,10,August,Aug,8,CY2025-Aug,2025,CY2025,10,FY2026-Aug,2026,FY2026,32
2025-08-11,11,11,August,Aug,8,CY2025-Aug,2025,CY2025,10,FY2026-Aug,2026,FY2026,33
2025-08-12,12,12,August,Aug,8,CY2025-Aug,2025,CY2025,10,FY2026-Aug,2026,FY2026,33
2025-08-13,13,13,August,Aug,8,CY2025-Aug,2025,CY2025,10,FY2026-Aug,2026,FY2026,33
2025-08-14,14,14,August,Aug,8,CY2025-Aug,2025,CY2025,10,FY2026-Aug,2026,FY2026,33
2025-08-15,15,15,August,Aug,8,CY2025-Aug,2025,CY2025,10,FY2026-Aug,2026,FY2026,33
2025-08-16,16,16,August,Aug,8,CY2025-Aug,2025,CY2025,10,FY2026-Aug,2026,FY2026,33
2025-08-17,17,17,August,Aug,8,CY2025-Aug,2025,CY2025,10,FY2026-Aug,2026,FY2026,33
2025-08-18,18,18,August,Aug,8,CY2025-Aug,2025,CY2025,10,FY2026-Aug,2026,FY2026,34
2025-08-19,19,19,August,Aug,8,CY2025-Aug,2025,CY2025,10,FY2026-Aug,2026,FY2026,34
2025-08-20,20,20,August,Aug,8,CY2025-Aug,2025,CY2025,10,FY2026-Aug,2026,FY2026,34
2025-08-21,21,21,August,Aug,8,CY2025-Aug,2025,CY2025,10,FY2026-Aug,2026,FY2026,34
2025-08-22,22,22,August,Aug,8,CY2025-Aug,2025,CY2025,10,FY2026-Aug,2026,FY2026,34
2025-08-23,23,23,August,Aug,8,CY2025-Aug,2025,CY2025,10,FY2026-Aug,2026,FY2026,34
2025-08-24,24,24,August,Aug,8,CY2025-Aug,2025,CY2025,10,FY2026-Aug,2026,FY2026,34
2025-08-25,25,25,August,Aug,8,CY2025-Aug,2025,CY2025,10,FY2026-Aug,2026,FY2026,35
2025-08-26,26,26,August,Aug,8,CY2025-Aug,2025,CY2025,10,FY2026-Aug,2026,FY2026,35
2025-08-27,27,27,August,Aug,8,CY2025-Aug,2025,CY2025,10,FY2026-Aug,2026,FY2026,35
2025-08-28,28,28,August,Aug,8,CY2025-Aug,2025,CY2025,10,FY2026-Aug,2026,FY2026,35
2025-08-29,29,29,August,Aug,8,CY2025-Aug,2025,CY2025,10,FY2026-Aug,2026,FY2026,35
2025-08-30,30,30,August,Aug,8,CY2025-Aug,2025,CY2025,10,FY2026-Aug,2026,FY2026,35
2025-08-31,31,31,August,Aug,8,CY2025-Aug,2025,CY2025,10,FY2026-Aug,2026,FY2026,35
2025-09-01,1,1,September,Sep,9,CY2025-Sep,2025,CY2025,11,FY2026-Sep,2026,FY2026,36
2025-09-02,2,2,September,Sep,9,CY2025-Sep,2025,CY2025,11,FY2026-Sep,2026,FY2026,36
2025-09-03,3,3,September,Sep,9,CY2025-Sep,2025,CY2025,11,FY2026-Sep,2026,FY2026,36
2025-09-04,4,4,September,Sep,9,CY2025-Sep,2025,CY2025,11,FY2026-Sep,2026,FY2026,36
2025-09-05,5,5,September,Sep,9,CY2025-Sep,2025,CY2025,11,FY2026-Sep,2026,FY2026,36
2025-09-06,6,6,September,Sep,9,CY2025-Sep,2025,CY2025,11,FY2026-Sep,2026,FY2026,36
2025-09-07,7,7,September,Sep,9,CY2025-Sep,2025,CY2025,11,FY2026-Sep,2026,FY2026,36
2025-09-08,8,8,September,Sep,9,CY2025-Sep,2025,CY2025,11,FY2026-Sep,2026,FY2026,37
2025-09-09,9,9,September,Sep,9,CY2025-Sep,2025,CY2025,11,FY2026-Sep,2026,FY2026,37
2025-09-10,10,10,September,Sep,9,CY2025-Sep,2025,CY2025,11,FY2026-Sep,2026,FY2026,37
2025-09-11,11,11,September,Sep,9,CY2025-Sep,2025,CY2025,11,FY2026-Sep,2026,FY2026,37
2025-09-12,12,12,September,Sep,9,CY2025-Sep,2025,CY2025,11,FY2026-Sep,2026,FY2026,37
2025-09-13,13,13,September,Sep,9,CY2025-Sep,2025,CY2025,11,FY2026-Sep,2026,FY2026,37
2025-09-14,14,14,September,Sep,9,CY2025-Sep,2025,CY2025,11,FY2026-Sep,2026,FY2026,37
2025-09-15,15,15,September,Sep,9,CY2025-Sep,2025,CY2025,11,FY2026-Sep,2026,FY2026,38
2025-09-16,16,16,September,Sep,9,CY2025-Sep,2025,CY2025,11,FY2026-Sep,2026,FY2026,38
2025-09-17,17,17,September,Sep,9,CY2025-Sep,2025,CY2025,11,FY2026-Sep,2026,FY2026,38
2025-09-18,18,18,September,Sep,9,CY2025-Sep,2025,CY2025,11,FY2026-Sep,2026,FY2026,38
2025-09-19,19,19,September,Sep,9,CY2025-Sep,2025,CY2025,11,FY2026-Sep,2026,FY2026,38
2025-09-20,20,20,September,Sep,9,CY2025-Sep,2025,CY2025,11,FY2026-Sep,2026,FY2026,38
2025-09-21,21,21,September,Sep,9,CY2025-Sep,2025,CY2025,11,FY2026-Sep,2026,FY2026,38
2025-09-22,22,22,September,Sep,9,CY2025-Sep,2025,CY2025,11,FY2026-Sep,2026,FY2026,39
2025-09-23,23,23,September,Sep,9,CY2025-Sep,2025,CY2025,11,FY2026-Sep,2026,FY2026,39
2025-09-24,24,24,September,Sep,9,CY2025-Sep,2025,CY2025,11,FY2026-Sep,2026,FY2026,39
2025-09-25,25,25,September,Sep,9,CY2025-Sep,2025,CY2025,11,FY2026-Sep,2026,FY2026,39
2025-09-26,26,26,September,Sep,9,CY2025-Sep,2025,CY2025,11,FY2026-Sep,2026,FY2026,39
2025-09-27,27,27,September,Sep,9,CY2025-Sep,2025,CY2025,11,FY2026-Sep,2026,FY2026,39
2025-09-28,28,28,September,Sep,9,CY2025-Sep,2025,CY2025,11,FY2026-Sep,2026,FY2026,39
2025-09-29,29,29,September,Sep,9,CY2025-Sep,2025,CY2025,11,FY2026-Sep,2026,FY2026,40
2025-09-30,30,30,September,Sep,9,CY2025-Sep,2025,CY2025,11,FY2026-Sep,2026,FY2026,40
2025-10-01,1,1,October,Oct,10,CY2025-Oct,2025,CY2025,12,FY2026-Oct,2026,FY2026,40
2025-10-02,2,2,October,Oct,10,CY2025-Oct,2025,CY2025,12,FY2026-Oct,2026,FY2026,40
2025-10-03,3,3,October,Oct,10,CY2025-Oct,2025,CY2025,12,FY2026-Oct,2026,FY2026,40
2025-10-04,4,4,October,Oct,10,CY2025-Oct,2025,CY2025,12,FY2026-Oct,2026,FY2026,40
2025-10-05,5,5,October,Oct,10,CY2025-Oct,2025,CY2025,12,FY2026-Oct,2026,FY2026,40
2025-10-06,6,6,October,Oct,10,CY2025-Oct,2025,CY2025,12,FY2026-Oct,2026,FY2026,41
2025-10-07,7,7,October,Oct,10,CY2025-Oct,2025,CY2025,12,FY2026-Oct,2026,FY2026,41
2025-10-08,8,8,October,Oct,10,CY2025-Oct,2025,CY2025,12,FY2026-Oct,2026,FY2026,41
2025-10-09,9,9,October,Oct,10,CY2025-Oct,2025,CY2025,12,FY2026-Oct,2026,FY2026,41
2025-10-10,10,10,October,Oct,10,CY2025-Oct,2025,CY2025,12,FY2026-Oct,2026,FY2026,41
2025-10-11,11,11,October,Oct,10,CY2025-Oct,2025,CY2025,12,FY2026-Oct,2026,FY2026,41
2025-10-12,12,12,October,Oct,10,CY2025-Oct,2025,CY2025,12,FY2026-Oct,2026,FY2026,41
2025-10-13,13,13,October,Oct,10,CY2025-Oct,2025,CY2025,12,FY2026-Oct,2026,FY2026,42
2025-10-14,14,14,October,Oct,10,CY2025-Oct,2025,CY2025,12,FY2026-Oct,2026,FY2026,42
2025-10-15,15,15,October,Oct,10,CY2025-Oct,2025,CY2025,12,FY2026-Oct,2026,FY2026,42
2025-10-16,16,16,October,Oct,10,CY2025-Oct,2025,CY2025,12,FY2026-Oct,2026,FY2026,42
2025-10-17,17,17,October,Oct,10,CY2025-Oct,2025,CY2025,12,FY2026-Oct,2026,FY2026,42
2025-10-18,18,18,October,Oct,10,CY2025-Oct,2025,CY2025,12,FY2026-Oct,2026,FY2026,42
2025-10-19,19,19,October,Oct,10,CY2025-Oct,2025,CY2025,12,FY2026-Oct,2026,FY2026,42
2025-10-20,20,20,October,Oct,10,CY2025-Oct,2025,CY2025,12,FY2026-Oct,2026,FY2026,43
2025-10-21,21,21,October,Oct,10,CY2025-Oct,2025,CY2025,12,FY2026-Oct,2026,FY2026,43
2025-10-22,22,22,October,Oct,10,CY2025-Oct,2025,CY2025,12,FY2026-Oct,2026,FY2026,43
2025-10-23,23,23,October,Oct,10,CY2025-Oct,2025,CY2025,12,FY2026-Oct,2026,FY2026,43
2025-10-24,24,24,October,Oct,10,CY2025-Oct,2025,CY2025,12,FY2026-Oct,2026,FY2026,43
2025-10-25,25,25,October,Oct,10,CY2025-Oct,2025,CY2025,12,FY2026-Oct,2026,FY2026,43
2025-10-26,26,26,October,Oct,10,CY2025-Oct,2025,CY2025,12,FY2026-Oct,2026,FY2026,43
2025-10-27,27,27,October,Oct,10,CY2025-Oct,2025,CY2025,12,FY2026-Oct,2026,FY2026,44
2025-10-28,28,28,October,Oct,10,CY2025-Oct,2025,CY2025,12,FY2026-Oct,2026,FY2026,44
2025-10-29,29,29,October,Oct,10,CY2025-Oct,2025,CY2025,12,FY2026-Oct,2026,FY2026,44
2025-10-30,30,30,October,Oct,10,CY2025-Oct,2025,CY2025,12,FY2026-Oct,2026,FY2026,44
2025-10-31,31,31,October,Oct,10,CY2025-Oct,2025,CY2025,12,FY2026-Oct,2026,FY2026,44
2025-11-01,1,1,November,Nov,11,CY2025-Nov,2025,CY2025,1,FY2026-Nov,2026,FY2026,44
2025-11-02,2,2,November,Nov,11,CY2025-Nov,2025,CY2025,1,FY2026-Nov,2026,FY2026,44
2025-11-03,3,3,November,Nov,11,CY2025-Nov,2025,CY2025,1,FY2026-Nov,2026,FY2026,45
2025-11-04,4,4,November,Nov,11,CY2025-Nov,2025,CY2025,1,FY2026-Nov,2026,FY2026,45
2025-11-05,5,5,November,Nov,11,CY2025-Nov,2025,CY2025,1,FY2026-Nov,2026,FY2026,45
2025-11-06,6,6,November,Nov,11,CY2025-Nov,2025,CY2025,1,FY2026-Nov,2026,FY2026,45
2025-11-07,7,7,November,Nov,11,CY2025-Nov,2025,CY2025,1,FY2026-Nov,2026,FY2026,45
2025-11-08,8,8,November,Nov,11,CY2025-Nov,2025,CY2025,1,FY2026-Nov,2026,FY2026,45
2025-11-09,9,9,November,Nov,11,CY2025-Nov,2025,CY2025,1,FY2026-Nov,2026,FY2026,45
2025-11-10,10,10,November,Nov,11,CY2025-Nov,2025,CY2025,1,FY2026-Nov,2026,FY2026,46
2025-11-11,11,11,November,Nov,11,CY2025-Nov,2025,CY2025,1,FY2026-Nov,2026,FY2026,46
2025-11-12,12,12,November,Nov,11,CY2025-Nov,2025,CY2025,1,FY2026-Nov,2026,FY2026,46
2025-11-13,13,13,November,Nov,11,CY2025-Nov,2025,CY2025,1,FY2026-Nov,2026,FY2026,46
2025-11-14,14,14,November,Nov,11,CY2025-Nov,2025,CY2025,1,FY2026-Nov,2026,FY2026,46
2025-11-15,15,15,November,Nov,11,CY2025-Nov,2025,CY2025,1,FY2026-Nov,2026,FY2026,46
2025-11-16,16,16,November,Nov,11,CY2025-Nov,2025,CY2025,1,FY2026-Nov,2026,FY2026,46
2025-11-17,17,17,November,Nov,11,CY2025-Nov,2025,CY2025,1,FY2026-Nov,2026,FY2026,47
2025-11-18,18,18,November,Nov,11,CY2025-Nov,2025,CY2025,1,FY2026-Nov,2026,FY2026,47
2025-11-19,19,19,November,Nov,11,CY2025-Nov,2025,CY2025,1,FY2026-Nov,2026,FY2026,47
2025-11-20,20,20,November,Nov,11,CY2025-Nov,2025,CY2025,1,FY2026-Nov,2026,FY2026,47
2025-11-21,21,21,November,Nov,11,CY2025-Nov,2025,CY2025,1,FY2026-Nov,2026,FY2026,47
2025-11-22,22,22,November,Nov,11,CY2025-Nov,2025,CY2025,1,FY2026-Nov,2026,FY2026,47
2025-11-23,23,23,November,Nov,11,CY2025-Nov,2025,CY2025,1,FY2026-Nov,2026,FY2026,47
2025-11-24,24,24,November,Nov,11,CY2025-Nov,2025,CY2025,1,FY2026-Nov,2026,FY2026,48
2025-11-25,25,25,November,Nov,11,CY2025-Nov,2025,CY2025,1,FY2026-Nov,2026,FY2026,48
2025-11-26,26,26,November,Nov,11,CY2025-Nov,2025,CY2025,1,FY2026-Nov,2026,FY2026,48
2025-11-27,27,27,November,Nov,11,CY2025-Nov,2025,CY2025,1,FY2026-Nov,2026,FY2026,48
2025-11-28,28,28,November,Nov,11,CY2025-Nov,2025,CY2025,1,FY2026-Nov,2026,FY2026,48
2025-11-29,29,29,November,Nov,11,CY2025-Nov,2025,CY2025,1,FY2026-Nov,2026,FY2026,48
2025-11-30,30,30,November,Nov,11,CY2025-Nov,2025,CY2025,1,FY2026-Nov,2026,FY2026,48
2025-12-01,1,1,December,Dec,12,CY2025-Dec,2025,CY2025,2,FY2026-Dec,2026,FY2026,49
2025-12-02,2,2,December,Dec,12,CY2025-Dec,2025,CY2025,2,FY2026-Dec,2026,FY2026,49
2025-12-03,3,3,December,Dec,12,CY2025-Dec,2025,CY2025,2,FY2026-Dec,2026,FY2026,49
2025-12-04,4,4,December,Dec,12,CY2025-Dec,2025,CY2025,2,FY2026-Dec,2026,FY2026,49
2025-12-05,5,5,December,Dec,12,CY2025-Dec,2025,CY2025,2,FY2026-Dec,2026,FY2026,49
2025-12-06,6,6,December,Dec,12,CY2025-Dec,2025,CY2025,2,FY2026-Dec,2026,FY2026,49
2025-12-07,7,7,December,Dec,12,CY2025-Dec,2025,CY2025,2,FY2026-Dec,2026,FY2026,49
2025-12-08,8,8,December,Dec,12,CY2025-Dec,2025,CY2025,2,FY2026-Dec,2026,FY2026,50
2025-12-09,9,9,December,Dec,12,CY2025-Dec,2025,CY2025,2,FY2026-Dec,2026,FY2026,50
2025-12-10,10,10,December,Dec,12,CY2025-Dec,2025,CY2025,2,FY2026-Dec,2026,FY2026,50
2025-12-11,11,11,December,Dec,12,CY2025-Dec,2025,CY2025,2,FY2026-Dec,2026,FY2026,50
2025-12-12,12,12,December,Dec,12,CY2025-Dec,2025,CY2025,2,FY2026-Dec,2026,FY2026,50
2025-12-13,13,13,December,Dec,12,CY2025-Dec,2025,CY2025,2,FY2026-Dec,2026,FY2026,50
2025-12-14,14,14,December,Dec,12,CY2025-Dec,2025,CY2025,2,FY2026-Dec,2026,FY2026,50
2025-12-15,15,15,December,Dec,12,CY2025-Dec,2025,CY2025,2,FY2026-Dec,2026,FY2026,51
2025-12-16,16,16,December,Dec,12,CY2025-Dec,2025,CY2025,2,FY2026-Dec,2026,FY2026,51
2025-12-17,17,17,December,Dec,12,CY2025-Dec,2025,CY2025,2,FY2026-Dec,2026,FY2026,51
2025-12-18,18,18,December,Dec,12,CY2025-Dec,2025,CY2025,2,FY2026-Dec,2026,FY2026,51
2025-12-19,19,19,December,Dec,12,CY2025-Dec,2025,CY2025,2,FY2026-Dec,2026,FY2026,51
2025-12-20,20,20,December,Dec,12,CY2025-Dec,2025,CY2025,2,FY2026-Dec,2026,FY2026,51
2025-12-21,21,21,December,Dec,12,CY2025-Dec,2025,CY2025,2,FY2026-Dec,2026,FY2026,51
2025-12-22,22,22,December,Dec,12,CY2025-Dec,2025,CY2025,2,FY2026-Dec,2026,FY2026,52
2025-12-23,23,23,December,Dec,12,CY2025-Dec,2025,CY2025,2,FY2026-Dec,2026,FY2026,52
2025-12-24,24,24,December,Dec,12,CY2025-Dec,2025,CY2025,2,FY2026-Dec,2026,FY2026,52
2025-12-25,25,25,December,Dec,12,CY2025-Dec,2025,CY2025,2,FY2026-Dec,2026,FY2026,52
2025-12-26,26,26,December,Dec,12,CY2025-Dec,2025,CY2025,2,FY2026-Dec,2026,FY2026,52
2025-12-27,27,27,December,Dec,12,CY2025-Dec,2025,CY2025,2,FY2026-Dec,2026,FY2026,52
2025-12-28,28,28,December,Dec,12,CY2025-Dec,2025,CY2025,2,FY2026-Dec,2026,FY2026,52
2025-12-29,29,29,December,Dec,12,CY2025-Dec,2025,CY2025,2,FY2026-Dec,2026,FY2026,1
2025-12-30,30,30,December,Dec,12,CY2025-Dec,2025,CY2025,2,FY2026-Dec,2026,FY2026,1
2025-12-31,31,31,December,Dec,12,CY2025-Dec,2025,CY2025,2,FY2026-Dec,2026,FY2026,1
